{
  "candidate_id": "merged_baseline",
  "spec_name": "enigma_stage2_merged",
  "valid": true,
  "final_validation_bpb": 6.574205544211357,
  "best_validation_bpb": 6.574205544211357,
  "tokens_per_sec": 101075.62819742519,
  "mean_step_time_ms": 1.8995677140386154
}